resource_type,name,company,website,location,public_access,logo_url,description,text,attr:ingredientes_codigoObm,full_name,owner_id,owner_type,source_type,default_locale,supported_locales,custom_validation_schema,external_id,canonical_url,hierarchy_meaning,hierarchy_root_url,internal_reference_id,meta,collection_reference,publisher,purpose,copyright,revision_date,experimental,jurisdiction,content_type,case_sensitive,compositional,version_needed,external_id,retired,datatype,concept_class,source,description[1],description[2],id,name[1],name_type[1],parent_concept_urls[0],map_type[0],map_from_concept_id[0],map_to_concept_id[0],map_type,to_concept_url,from_concept_url,attr:extra_names,collection_type,immutable,jurisdiction[1],jurisdiction[2],collection_url,data:expressions,name_type,name_locale
Concept,Identificador de Acreditação/Certificação,,,pt,,,,,,,HL7,Organization,,pt,,,,,,,,,,,,,,,,,TRUE,,TRUE,,,text,Misc,v2-0203,"Identifier that has been assigned by an accreditation or certification organization in specific fields, indicating a recognized skill",,AC,Accreditation/Certification Identifier,Fully Specified,,,,,,,,,,,,,,,Fully Specified,pt
Concept,ID de acesso,,,pt,,,,,,,HL7,Organization,,pt,,,,,,,,,,,,,,,,,TRUE,,TRUE,,,text,Misc,v2-0203,Accession Identifier,,ACSN,Accession ID,Fully Specified,,,,,,,,,,,,,,,Fully Specified,pt
Concept,Número de identificação do animal (oficial dos EUA),,,pt,,,,,,,HL7,Organization,,pt,,,,,,,,,,,,,,,,,TRUE,,TRUE,,,text,Misc,v2-0203,A numbering system for the official identification of individual animals in the United States that provides a nationally unique identification number for each animal. The first two numbers on a tag are the numbers assigned to a specific State.,,AIN,Animal Identification Number (US Official),Fully Specified,,,,,,,,,,,,,,,Fully Specified,pt
Concept,Expresso americano,,,pt,,,,,,,HL7,Organization,,pt,,,,,,,,,,,,,,,,,TRUE,,TRUE,,,text,Misc,v2-0203,American Express,,AM,American Express,Fully Specified,,,,,,,,,,,,,,,Fully Specified,pt
Concept,Número da Associação Médica Americana,,,pt,,,,,,,HL7,Organization,,pt,,,,,,,,,,,,,,,,,TRUE,,TRUE,,,text,Misc,v2-0203,A physician identifier assigned by the AMA.,,AMA,American Medical Association Number,Fully Specified,,,,,,,,,,,,,,,Fully Specified,pt
Concept,Número de conta,,,pt,,,,,,,HL7,Organization,,pt,,,,,,,,,,,,,,,,,TRUE,,TRUE,,,text,Misc,v2-0203,Account An identifier that is unique to an account.,,AN,Account number,Fully Specified,,,,,,,,,,,,,,,Fully Specified,pt
Concept,Número da conta Credor,,,pt,,,,,,,HL7,Organization,,pt,,,,,,,,,,,,,,,,,TRUE,,TRUE,,,text,Misc,v2-0203,A more precise definition of an account number,,ANC,Account number Creditor,Fully Specified,,,,,,,,,,,,,,,Fully Specified,pt
Concept,número da conta devedor,,,pt,,,,,,,HL7,Organization,,pt,,,,,,,,,,,,,,,,,TRUE,,TRUE,,,text,Misc,v2-0203,A more precise definition of an account number,,AND,Account number debitor,Fully Specified,,,,,,,,,,,,,,,Fully Specified,pt
Concept,Identificador anônimo,,,pt,,,,,,,HL7,Organization,,pt,,,,,,,,,,,,,,,,,TRUE,,TRUE,,,text,Misc,v2-0203,An identifier for a living subject whose real identity is protected or suppressed,,ANON,Anonymous identifier,Fully Specified,,,,,,,,,,,,,,,Fully Specified,pt
Concept,Número de conta temporária,,,pt,,,,,,,HL7,Organization,,pt,,,,,,,,,,,,,,,,,TRUE,,TRUE,,,text,Misc,v2-0203,Temporary version of an Account Number,,ANT,Temporary Account Number,Fully Specified,,,,,,,,,,,,,,,Fully Specified,pt
Concept,Número de Enfermeira Registrada de Prática Avançada,,,pt,,,,,,,HL7,Organization,,pt,,,,,,,,,,,,,,,,,TRUE,,TRUE,,,text,Misc,v2-0203,An identifier that is unique to an advanced practice registered nurse within the jurisdiction of a certifying board,,APRN,Advanced Practice Registered Nurse number,Fully Specified,,,,,,,,,,,,,,,Fully Specified,pt
Concept,ID do espécime ancestral,,,pt,,,,,,,HL7,Organization,,pt,,,,,,,,,,,,,,,,,TRUE,,TRUE,,,text,Misc,v2-0203,A unique identifier for the ancestor specimen.,,ASID,Ancestor Specimen ID,Fully Specified,,,,,,,,,,,,,,,Fully Specified,pt
Concept,Número da conta de banco,,,pt,,,,,,,HL7,Organization,,pt,,,,,,,,,,,,,,,,,TRUE,,TRUE,,,text,Misc,v2-0203,Bank Account Number,,BA,Bank Account Number,Fully Specified,,,,,,,,,,,,,,,Fully Specified,pt
Concept,Número do cartão bancário,,,pt,,,,,,,HL7,Organization,,pt,,,,,,,,,,,,,,,,,TRUE,,TRUE,,,text,Misc,v2-0203,An identifier that is unique to a person's bank card,,BC,Bank Card Number,Fully Specified,,,,,,,,,,,,,,,Fully Specified,pt
Concept,Número do arquivo da certidão de nascimento,,,pt,,,,,,,HL7,Organization,,pt,,,,,,,,,,,,,,,,,TRUE,,TRUE,,,text,Misc,v2-0203,The identifier used within the jurisdictional vital records office file system as an auxiliary means of accessing the record associated with the birth certificate.,,BCFN,Birth Certificate File Number,Fully Specified,,,,,,,,,,,,,,,Fully Specified,pt
Concept,Certidão de nascimento,,,pt,,,,,,,HL7,Organization,,pt,,,,,,,,,,,,,,,,,TRUE,,TRUE,,,text,Misc,v2-0203,A number associated with a document identifying the event of a person's birth,,BCT,Birth Certificate,Fully Specified,,,,,,,,,,,,,,,Fully Specified,pt
Concept,Número de registro de nascimento,,,pt,,,,,,,HL7,Organization,,pt,,,,,,,,,,,,,,,,,TRUE,,TRUE,,,text,Misc,v2-0203,An identifier unique within the Assigning Authority that is the official legal record of a person's birth.,,BR,Birth registry number,Fully Specified,,,,,,,,,,,,,,,Fully Specified,pt
Concept,Número de registro da raça,,,pt,,,,,,,HL7,Organization,,pt,,,,,,,,,,,,,,,,,TRUE,,TRUE,,,text,Misc,v2-0203,Breed Registry Number,,BRN,Breed Registry Number,Fully Specified,,,,,,,,,,,,,,,Fully Specified,pt
Concept,Número do consultório médico primário,,,pt,,,,,,,HL7,Organization,,pt,,,,,,,,,,,,,,,,,TRUE,,TRUE,,,text,Misc,v2-0203,Primary physician office number,,BSNR,Primary physician office number,Fully Specified,,,,,,,,,,,,,,,Fully Specified,pt
Concept,Identificador de conta de aplicativo do consumidor,,,pt,,,,,,,HL7,Organization,,pt,,,,,,,,,,,,,,,,,TRUE,,TRUE,,,text,Misc,v2-0203,"An identifier for the consumer (e.g., patient, caregiver) for an application such as a portal or App.",,CAAI,Consumer Application Account Identifier,Fully Specified,,,,,,,,,,,,,,,Fully Specified,pt
Concept,Número do Centro de Custo,,,pt,,,,,,,HL7,Organization,,pt,,,,,,,,,,,,,,,,,TRUE,,TRUE,,,text,Misc,v2-0203,Cost Center number,,CC,Cost Center number,Fully Specified,,,,,,,,,,,,,,,Fully Specified,pt
Concept,Documento de Mudança de Nome,,,pt,,,,,,,HL7,Organization,,pt,,,,,,,,,,,,,,,,,TRUE,,TRUE,,,text,Misc,v2-0203,A number associated with a document identifying a person's legal change of name.,,CONM,Change of Name Document,Fully Specified,,,,,,,,,,,,,,,Fully Specified,pt
Concept,número do condado,,,pt,,,,,,,HL7,Organization,,pt,,,,,,,,,,,,,,,,,TRUE,,TRUE,,,text,Misc,v2-0203,County number,,CY,County number,Fully Specified,,,,,,,,,,,,,,,Fully Specified,pt
Concept,Cartão de Cidadania,,,pt,,,,,,,HL7,Organization,,pt,,,,,,,,,,,,,,,,,TRUE,,TRUE,,,text,Misc,v2-0203,A number assigned by a person's country of residence to identify a person's citizenship.,,CZ,Citizenship Card,Fully Specified,,,,,,,,,,,,,,,Fully Specified,pt
Concept,Identificação da certidão de óbito,,,pt,,,,,,,HL7,Organization,,pt,,,,,,,,,,,,,,,,,TRUE,,TRUE,,,text,Misc,v2-0203,"The identifier assigned to a death certificate, and printed on the death certificate when issued by a jurisdictional vital records office",,DC,Death Certificate ID,Fully Specified,,,,,,,,,,,,,,,Fully Specified,pt
Concept,Número do arquivo da certidão de óbito,,,pt,,,,,,,HL7,Organization,,pt,,,,,,,,,,,,,,,,,TRUE,,TRUE,,,text,Misc,v2-0203,The identifier used within the jurisdictional vital records office file system as an auxiliary means of accessing the record associated with the death certificate.,,DCFN,Death Certificate File Number,Fully Specified,,,,,,,,,,,,,,,Fully Specified,pt
Concept,Número da licença do dentista,,,pt,,,,,,,HL7,Organization,,pt,,,,,,,,,,,,,,,,,TRUE,,TRUE,,,text,Misc,v2-0203,An identifier that is unique to a dentist within the jurisdiction of the licensing board,,DDS,Dentist license number,Fully Specified,,,,,,,,,,,,,,,Fully Specified,pt
Concept,Número de registro da Drug Enforcement Administration,,,pt,,,,,,,HL7,Organization,,pt,,,,,,,,,,,,,,,,,TRUE,,TRUE,,,text,Misc,v2-0203,An identifier for an individual or organization relative to controlled substance regulation and transactions.,,DEA,Drug Enforcement Administration registration number,Fully Specified,,,,,,,,,,,,,,,Fully Specified,pt
Concept,Fornecimento de medicamentos ou Número da autoridade prescritiva ,,,pt,,,,,,,HL7,Organization,,pt,,,,,,,,,,,,,,,,,TRUE,,TRUE,,,text,Misc,v2-0203,An identifier issued to a health care provider authorizing the person to write drug orders,,DFN,Drug Furnishing or prescriptive authority Number,Fully Specified,,,,,,,,,,,,,,,Fully Specified,pt
Concept,Cartão Diner’s Club,,,pt,,,,,,,HL7,Organization,,pt,,,,,,,,,,,,,,,,,TRUE,,TRUE,,,text,Misc,v2-0203,Diner's Club card,,DI,Diner's Club card,Fully Specified,,,,,,,,,,,,,,,Fully Specified,pt
Concept,Número da carteira de motorista,,,pt,,,,,,,HL7,Organization,,pt,,,,,,,,,,,,,,,,,TRUE,,TRUE,,,text,Misc,v2-0203,Driver's license number,,DL,Driver's license number,Fully Specified,,,,,,,,,,,,,,,Fully Specified,pt
Concept,Número do médico,,,pt,,,,,,,HL7,Organization,,pt,,,,,,,,,,,,,,,,,TRUE,,TRUE,,,text,Misc,v2-0203,Doctor number,,DN,Doctor number,Fully Specified,,,,,,,,,,,,,,,Fully Specified,pt
Concept,Número da Licença Osteopática,,,pt,,,,,,,HL7,Organization,,pt,,,,,,,,,,,,,,,,,TRUE,,TRUE,,,text,Misc,v2-0203,An identifier that is unique to an osteopath within the jurisdiction of a licensing board.,,DO,Osteopathic License number,Fully Specified,,,,,,,,,,,,,,,Fully Specified,pt
Concept,Passaporte diplomático,,,pt,,,,,,,HL7,Organization,,pt,,,,,,,,,,,,,,,,,TRUE,,TRUE,,,text,Misc,v2-0203,A number assigned to a diplomatic passport.,,DP,Diplomatic Passport,Fully Specified,,,,,,,,,,,,,,,Fully Specified,pt
Concept,Número da licença do podólogo,,,pt,,,,,,,HL7,Organization,,pt,,,,,,,,,,,,,,,,,TRUE,,TRUE,,,text,Misc,v2-0203,An identifier that is unique to a podiatrist within the jurisdiction of the licensing board.,,DPM,Podiatrist license number,Fully Specified,,,,,,,,,,,,,,,Fully Specified,pt
Concept,Número de registro do doador,,,pt,,,,,,,HL7,Organization,,pt,,,,,,,,,,,,,,,,,TRUE,,TRUE,,,text,Misc,v2-0203,Donor Registration Number,,DR,Donor Registration Number,Fully Specified,,,,,,,,,,,,,,,Fully Specified,pt
Concept,Descubra o cartão,,,pt,,,,,,,HL7,Organization,,pt,,,,,,,,,,,,,,,,,TRUE,,TRUE,,,text,Misc,v2-0203,Discover Card,,DS,Discover Card,Fully Specified,,,,,,,,,,,,,,,Fully Specified,pt
Concept,Grupo de Estudo de Diagnóstico,,,pt,,,,,,,HL7,Organization,,pt,,,,,,,,,,,,,,,,,TRUE,,TRUE,,,text,Misc,v2-0203,Unique Identifier that groups several orders that are to be performed together.,,DSG,Diagnostic Study Group,Fully Specified,,,,,,,,,,,,,,,Fully Specified,pt
Concept,Número de empregado,,,pt,,,,,,,HL7,Organization,,pt,,,,,,,,,,,,,,,,,TRUE,,TRUE,,,text,Misc,v2-0203,A number that uniquely identifies an employee to an employer.,,EI,Employee number,Fully Specified,,,,,,,,,,,,,,,Fully Specified,pt
Concept,Número do empregador,,,pt,,,,,,,HL7,Organization,,pt,,,,,,,,,,,,,,,,,TRUE,,TRUE,,,text,Misc,v2-0203,Employer number,,EN,Employer number,Fully Specified,,,,,,,,,,,,,,,Fully Specified,pt
Concept,Número da empresa da equipe,,,pt,,,,,,,HL7,Organization,,pt,,,,,,,,,,,,,,,,,TRUE,,TRUE,,,text,Misc,v2-0203,An identifier that is unique to a staff member within an enterprise (as identified by the Assigning Authority).,,ESN,Staff Enterprise Number,Fully Specified,,,,,,,,,,,,,,,Fully Specified,pt
Concept,Identificação do Relatório de Óbito Fetal,,,pt,,,,,,,HL7,Organization,,pt,,,,,,,,,,,,,,,,,TRUE,,TRUE,,,text,Misc,v2-0203,"The identifier assigned to a fetal death report, and printed on the fetal death report when issued by a jurisdictional vital records office",,FDR,Fetal Death Report ID,Fully Specified,,,,,,,,,,,,,,,Fully Specified,pt
Concept,Número do Arquivo de Relatório de Óbito Fetal,,,pt,,,,,,,HL7,Organization,,pt,,,,,,,,,,,,,,,,,TRUE,,TRUE,,,text,Misc,v2-0203,The identifier used within the jurisdictional vital records office file system as an auxiliary means of accessing the record associated with the fetal death report certificate.,,FDRFN,Fetal Death Report File Number,Fully Specified,,,,,,,,,,,,,,,Fully Specified,pt
Concept,Número do Grupo de Preenchimento,,,pt,,,,,,,HL7,Organization,,pt,,,,,,,,,,,,,,,,,TRUE,,TRUE,,,text,Misc,v2-0203,Unique identifier assigned to a group of orders by the filler application.,,FGN,Filler Group Number,Fully Specified,,,,,,,,,,,,,,,Fully Specified,pt
Concept,ID da instalação,,,pt,,,,,,,HL7,Organization,,pt,,,,,,,,,,,,,,,,,TRUE,,TRUE,,,text,Misc,v2-0203,Facility ID,,FI,Facility ID,Fully Specified,,,,,,,,,,,,,,,Fully Specified,pt
Concept,Identificador de preenchimento,,,pt,,,,,,,HL7,Organization,,pt,,,,,,,,,,,,,,,,,TRUE,,TRUE,,,text,Misc,v2-0203,"An identifier for a request where the identifier is issued by the person, or service, that produces the observations or fulfills the request.",,FILL,Filler Identifier,Fully Specified,,,,,,,,,,,,,,,Fully Specified,pt
Concept,Identificador interno do fiador,,,pt,,,,,,,HL7,Organization,,pt,,,,,,,,,,,,,,,,,TRUE,,TRUE,,,text,Misc,v2-0203,Guarantor internal identifier,,GI,Guarantor internal identifier,Fully Specified,,,,,,,,,,,,,,,Fully Specified,pt
Concept,Identificador de grupo animal (oficial dos EUA),,,pt,,,,,,,HL7,Organization,,pt,,,,,,,,,,,,,,,,,TRUE,,TRUE,,,text,Misc,v2-0203,Identifier that can be used to unambiguously describe a specific group of animals.,,GIN,Animal Group Identifier (US Official),Fully Specified,,,,,,,,,,,,,,,Fully Specified,pt
Concept,Número do razão geral,,,pt,,,,,,,HL7,Organization,,pt,,,,,,,,,,,,,,,,,TRUE,,TRUE,,,text,Misc,v2-0203,General ledger number,,GL,General ledger number,Fully Specified,,,,,,,,,,,,,,,Fully Specified,pt
Concept,Identificador externo do fiador,,,pt,,,,,,,HL7,Organization,,pt,,,,,,,,,,,,,,,,,TRUE,,TRUE,,,text,Misc,v2-0203,Guarantor external identifier,,GN,Guarantor external identifier,Fully Specified,,,,,,,,,,,,,,,Fully Specified,pt
Concept,Número do cartão de saúde,,,pt,,,,,,,HL7,Organization,,pt,,,,,,,,,,,,,,,,,TRUE,,TRUE,,,text,Misc,v2-0203,Health Card Number,,HC,Health Card Number,Fully Specified,,,,,,,,,,,,,,,Fully Specified,pt
Concept,Indígena/Aborígine,,,pt,,,,,,,HL7,Organization,,pt,,,,,,,,,,,,,,,,,TRUE,,TRUE,,,text,Misc,v2-0203,A number assigned to a member of an indigenous or aboriginal group outside of Canada.,,IND,Indigenous/Aboriginal,Fully Specified,,,,,,,,,,,,,,,Fully Specified,pt
Concept,Número de saúde jurisdicional,,,pt,,,,,,,HL7,Organization,,pt,,,,,,,,,,,,,,,,,TRUE,,TRUE,,,text,Misc,v2-0203,Jurisdictional health number,,JHN,Jurisdictional health number,Fully Specified,,,,,,,,,,,,,,,Fully Specified,pt
Concept,ID de acesso do laboratório,,,pt,,,,,,,HL7,Organization,,pt,,,,,,,,,,,,,,,,,TRUE,,TRUE,,,text,Misc,v2-0203,A laboratory accession id is used in the laboratory domain.,,LACSN,Laboratory Accession ID,Fully Specified,,,,,,,,,,,,,,,Fully Specified,pt
Concept,Número de médico vitalício,,,pt,,,,,,,HL7,Organization,,pt,,,,,,,,,,,,,,,,,TRUE,,TRUE,,,text,Misc,v2-0203,Lifelong physician number,,LANR,Lifelong physician number,Fully Specified,,,,,,,,,,,,,,,Fully Specified,pt
Concept,Número de mão de obra e indústrias,,,pt,,,,,,,HL7,Organization,,pt,,,,,,,,,,,,,,,,,TRUE,,TRUE,,,text,Misc,v2-0203,Labor and industries number,,LI,Labor and industries number,Fully Specified,,,,,,,,,,,,,,,Fully Specified,pt
Concept,Número de mão de obra e indústrias,,,pt,,,,,,,HL7,Organization,,pt,,,,,,,,,,,,,,,,,TRUE,,TRUE,,,text,Misc,v2-0203,Labor and industries number. Note that this was introduced erroneously (with an ampersand in the code value) many years ago.,,L&I,Labor and industries number,Fully Specified,,,,,,,,,,,,,,,Fully Specified,pt
Concept,Número de licença,,,pt,,,,,,,HL7,Organization,,pt,,,,,,,,,,,,,,,,,TRUE,,TRUE,,,text,Misc,v2-0203,License number,,LN,License number,Fully Specified,,,,,,,,,,,,,,,Fully Specified,pt
Concept,ID do registro local,,,pt,,,,,,,HL7,Organization,,pt,,,,,,,,,,,,,,,,,TRUE,,TRUE,,,text,Misc,v2-0203,Local Registry ID,,LR,Local Registry ID,Fully Specified,,,,,,,,,,,,,,,Fully Specified,pt
Concept,Número Medicaid do paciente,,,pt,,,,,,,HL7,Organization,,pt,,,,,,,,,,,,,,,,,TRUE,,TRUE,,,text,Misc,v2-0203,Patient Medicaid number,,MA,Patient Medicaid number,Fully Specified,,,,,,,,,,,,,,,Fully Specified,pt
Concept,Número de membro,,,pt,,,,,,,HL7,Organization,,pt,,,,,,,,,,,,,,,,,TRUE,,TRUE,,,text,Misc,v2-0203,"An identifier for the insured of an insurance policy (this insured always has a subscriber), usually assigned by the insurance carrier.",,MB,Member Number,Fully Specified,,,,,,,,,,,,,,,Fully Specified,pt
Concept,Número do Medicare do paciente,,,pt,,,,,,,HL7,Organization,,pt,,,,,,,,,,,,,,,,,TRUE,,TRUE,,,text,Misc,v2-0203,Patient's Medicare number,,MC,Patient's Medicare number,Fully Specified,,,,,,,,,,,,,,,Fully Specified,pt
Concept,Número do Medicaid do médico,,,pt,,,,,,,HL7,Organization,,pt,,,,,,,,,,,,,,,,,TRUE,,TRUE,,,text,Misc,v2-0203,Practitioner Medicaid number,,MCD,Practitioner Medicaid number,Fully Specified,,,,,,,,,,,,,,,Fully Specified,pt
Concept,Número do Microchip,,,pt,,,,,,,HL7,Organization,,pt,,,,,,,,,,,,,,,,,TRUE,,TRUE,,,text,Misc,v2-0203,Microchip Number,,MCN,Microchip Number,Fully Specified,,,,,,,,,,,,,,,Fully Specified,pt
Concept,Número do médico,,,pt,,,,,,,HL7,Organization,,pt,,,,,,,,,,,,,,,,,TRUE,,TRUE,,,text,Misc,v2-0203,Practitioner Medicare number,,MCR,Practitioner Medicare number,Fully Specified,,,,,,,,,,,,,,,Fully Specified,pt
Concept,Certidão de casamento,,,pt,,,,,,,HL7,Organization,,pt,,,,,,,,,,,,,,,,,TRUE,,TRUE,,,text,Misc,v2-0203,A number associated with a document identifying the event of a person's marriage.,,MCT,Marriage Certificate,Fully Specified,,,,,,,,,,,,,,,Fully Specified,pt
Concept,Número da licença médica,,,pt,,,,,,,HL7,Organization,,pt,,,,,,,,,,,,,,,,,TRUE,,TRUE,,,text,Misc,v2-0203,An identifier that is unique to a medical doctor within the jurisdiction of a licensing board.,,MD,Medical License number,Fully Specified,,,,,,,,,,,,,,,Fully Specified,pt
Concept,Número de identificação militar,,,pt,,,,,,,HL7,Organization,,pt,,,,,,,,,,,,,,,,,TRUE,,TRUE,,,text,Misc,v2-0203,"A number assigned to an individual who has had military duty, but is not currently on active duty. The number is assigned by the DOD or Veterans' Affairs (VA).",,MI,Military ID number,Fully Specified,,,,,,,,,,,,,,,Fully Specified,pt
Concept,Número do prontuário médico,,,pt,,,,,,,HL7,Organization,,pt,,,,,,,,,,,,,,,,,TRUE,,TRUE,,,text,Misc,v2-0203,"An identifier that is unique to a patient within a set of medical records, not necessarily unique within an application.",,MR,Medical record number,Fully Specified,,,,,,,,,,,,,,,Fully Specified,pt
Concept,Número de Registro Médico Temporário,,,pt,,,,,,,HL7,Organization,,pt,,,,,,,,,,,,,,,,,TRUE,,TRUE,,,text,Misc,v2-0203,Temporary version of a Medical Record Number,,MRT,Temporary Medical Record Number,Fully Specified,,,,,,,,,,,,,,,Fully Specified,pt
Concept,MasterCard,,,pt,,,,,,,HL7,Organization,,pt,,,,,,,,,,,,,,,,,TRUE,,TRUE,,,text,Misc,v2-0203,MasterCard,,MS,MasterCard,Fully Specified,,,,,,,,,,,,,,,Fully Specified,pt
Concept,Número do consultório médico secundário,,,pt,,,,,,,HL7,Organization,,pt,,,,,,,,,,,,,,,,,TRUE,,TRUE,,,text,Misc,v2-0203,Secondary physician office number,,NBSNR,Secondary physician office number,Fully Specified,,,,,,,,,,,,,,,Fully Specified,pt
Concept,Certificado de Naturalização,,,pt,,,,,,,HL7,Organization,,pt,,,,,,,,,,,,,,,,,TRUE,,TRUE,,,text,Misc,v2-0203,A number associated with a document identifying a person's retention of citizenship in a particular country.,,NCT,Naturalization Certificate,Fully Specified,,,,,,,,,,,,,,,Fully Specified,pt
Concept,Identificador nacional do empregador,,,pt,,,,,,,HL7,Organization,,pt,,,,,,,,,,,,,,,,,TRUE,,TRUE,,,text,Misc,v2-0203,National employer identifier,,NE,National employer identifier,Fully Specified,,,,,,,,,,,,,,,Fully Specified,pt
Concept,Identificador do Plano Nacional de Saúde,,,pt,,,,,,,HL7,Organization,,pt,,,,,,,,,,,,,,,,,TRUE,,TRUE,,,text,Misc,v2-0203,National Health Plan Identifier,,NH,National Health Plan Identifier,Fully Specified,,,,,,,,,,,,,,,Fully Specified,pt
Concept,Identificador individual único nacional,,,pt,,,,,,,HL7,Organization,,pt,,,,,,,,,,,,,,,,,TRUE,,TRUE,,,text,Misc,v2-0203,National unique individual identifier,,NI,National unique individual identifier,Fully Specified,,,,,,,,,,,,,,,Fully Specified,pt
Concept,Identificador da Organização Nacional de Seguros,,,pt,,,,,,,HL7,Organization,,pt,,,,,,,,,,,,,,,,,TRUE,,TRUE,,,text,Misc,v2-0203,National Insurance Organization Identifier,,NII,National Insurance Organization Identifier,Fully Specified,,,,,,,,,,,,,,,Fully Specified,pt
Concept,Identificador do Pagador do Seguro Nacional (Pagador),,,pt,,,,,,,HL7,Organization,,pt,,,,,,,,,,,,,,,,,TRUE,,TRUE,,,text,Misc,v2-0203,National Insurance Payor Identifier (Payor),,NIIP,National Insurance Payor Identifier (Payor),Fully Specified,,,,,,,,,,,,,,,Fully Specified,pt
Concept,Identificador de Pessoa Nacional em que xxx é o código do país da tabela ISO 3166 de 3 caracteres (alfabético),,,pt,,,,,,,HL7,Organization,,pt,,,,,,,,,,,,,,,,,TRUE,,TRUE,,,text,Misc,v2-0203,National Person Identifier where the xxx is the ISO table 3166 3-character (alphabetic) country code,,NNxxx,National Person Identifier where the xxx is the ISO table 3166 3-character (alphabetic) country code,Fully Specified,,,,,,,,,,,,,,,Fully Specified,pt
Concept,Número da enfermeira,,,pt,,,,,,,HL7,Organization,,pt,,,,,,,,,,,,,,,,,TRUE,,TRUE,,,text,Misc,v2-0203,An identifier that is unique to a nurse practitioner within the jurisdiction of a certifying board.,,NP,Nurse practitioner number,Fully Specified,,,,,,,,,,,,,,,Fully Specified,pt
Concept,Identificador de provedor nacional,,,pt,,,,,,,HL7,Organization,,pt,,,,,,,,,,,,,,,,,TRUE,,TRUE,,,text,Misc,v2-0203,National provider identifier,,NPI,National provider identifier,Fully Specified,,,,,,,,,,,,,,,Fully Specified,pt
Concept,Identificador de Instância de Observação,,,pt,,,,,,,HL7,Organization,,pt,,,,,,,,,,,,,,,,,TRUE,,TRUE,,,text,Misc,v2-0203,Unique and persistent identifier for an observation instance,,OBI,Observation Instance Identifier,Fully Specified,,,,,,,,,,,,,,,Fully Specified,pt
Concept,Número da licença do optometrista,,,pt,,,,,,,HL7,Organization,,pt,,,,,,,,,,,,,,,,,TRUE,,TRUE,,,text,Misc,v2-0203,A number that is unique to an individual optometrist within the jurisdiction of the licensing board.,,OD,Optometrist license number,Fully Specified,,,,,,,,,,,,,,,Fully Specified,pt
Concept,Número do médico assistente,,,pt,,,,,,,HL7,Organization,,pt,,,,,,,,,,,,,,,,,TRUE,,TRUE,,,text,Misc,v2-0203,An identifier that is unique to a physician assistant within the jurisdiction of a licensing board,,PA,Physician Assistant number,Fully Specified,,,,,,,,,,,,,,,Fully Specified,pt
Concept,cartão de liberdade condicional,,,pt,,,,,,,HL7,Organization,,pt,,,,,,,,,,,,,,,,,TRUE,,TRUE,,,text,Misc,v2-0203,A number identifying a person on parole.,,PC,Parole Card,Fully Specified,,,,,,,,,,,,,,,Fully Specified,pt
Concept,Número da instituição penitenciária/correcional,,,pt,,,,,,,HL7,Organization,,pt,,,,,,,,,,,,,,,,,TRUE,,TRUE,,,text,Misc,v2-0203,A number assigned to individual who is incarcerated.,,PCN,Penitentiary/correctional institution Number,Fully Specified,,,,,,,,,,,,,,,Fully Specified,pt
Concept,Número da Empresa do Induvíduo Vivo,,,pt,,,,,,,HL7,Organization,,pt,,,,,,,,,,,,,,,,,TRUE,,TRUE,,,text,Misc,v2-0203,An identifier that is unique to a living subject within an enterprise (as identified by the Assigning Authority).,,PE,Living Subject Enterprise Number,Fully Specified,,,,,,,,,,,,,,,Fully Specified,pt
Concept,Número da Pensão,,,pt,,,,,,,HL7,Organization,,pt,,,,,,,,,,,,,,,,,TRUE,,TRUE,,,text,Misc,v2-0203,Pension Number,,PEN,Pension Number,Fully Specified,,,,,,,,,,,,,,,Fully Specified,pt
Concept,Número do Grupo do Colocador,,,pt,,,,,,,HL7,Organization,,pt,,,,,,,,,,,,,,,,,TRUE,,TRUE,,,text,Misc,v2-0203,Unique identifier assigned to a group of orders by the placer application.,,PGN,Placer Group Number,Fully Specified,,,,,,,,,,,,,,,Fully Specified,pt
Concept,Identificador de caso de saúde pública,,,pt,,,,,,,HL7,Organization,,pt,,,,,,,,,,,,,,,,,TRUE,,TRUE,,,text,Misc,v2-0203,Identifier assigned to a person during a case investigation as part of a public health event,,PHC,Public Health Case Identifier,Fully Specified,,,,,,,,,,,,,,,Fully Specified,pt
Concept,Identificador de evento de saúde pública,,,pt,,,,,,,HL7,Organization,,pt,,,,,,,,,,,,,,,,,TRUE,,TRUE,,,text,Misc,v2-0203,Identifier assigned to an event of interest to public health,,PHE,Public Health Event Identifier,Fully Specified,,,,,,,,,,,,,,,Fully Specified,pt
Concept,Identificação oficial de saúde pública,,,pt,,,,,,,HL7,Organization,,pt,,,,,,,,,,,,,,,,,TRUE,,TRUE,,,text,Misc,v2-0203,"An identifier for a person working at a public health agency (PHA), assigned or issued by the agency",,PHO,Public Health Official ID,Fully Specified,,,,,,,,,,,,,,,Fully Specified,pt
Concept,Identificador interno do paciente,,,pt,,,,,,,HL7,Organization,,pt,,,,,,,,,,,,,,,,,TRUE,,TRUE,,,text,Misc,v2-0203,A number that is unique to a patient within an Assigning Authority.,,PI,Patient internal identifier,Fully Specified,,,,,,,,,,,,,,,Fully Specified,pt
Concept,Número de identificação das instalações (oficial dos EUA),,,pt,,,,,,,HL7,Organization,,pt,,,,,,,,,,,,,,,,,TRUE,,TRUE,,,text,Misc,v2-0203,Identifier that uniquely identifies a geographic location in the US.,,PIN,Premises Identifier Number (US Official),Fully Specified,,,,,,,,,,,,,,,Fully Specified,pt
Concept,Identificador de Placer,,,pt,,,,,,,HL7,Organization,,pt,,,,,,,,,,,,,,,,,TRUE,,TRUE,,,text,Misc,v2-0203,An identifier for a request where the identifier is issued by the person or service making the request.,,PLAC,Placer Identifier,Fully Specified,,,,,,,,,,,,,,,Fully Specified,pt
Concept,número da pessoa,,,pt,,,,,,,HL7,Organization,,pt,,,,,,,,,,,,,,,,,TRUE,,TRUE,,,text,Misc,v2-0203,A number that is unique to a living subject within an Assigning Authority.,,PN,Person number,Fully Specified,,,,,,,,,,,,,,,Fully Specified,pt
Concept,Número do Sujeito de Vida Temporária,,,pt,,,,,,,HL7,Organization,,pt,,,,,,,,,,,,,,,,,TRUE,,TRUE,,,text,Misc,v2-0203,Temporary version of a Living Subject Number.,,PNT,Temporary Living Subject Number,Fully Specified,,,,,,,,,,,,,,,Fully Specified,pt
Concept,Número de Identificação do Provedor Prestador do Medicare/CMS,,,pt,,,,,,,HL7,Organization,,pt,,,,,,,,,,,,,,,,,TRUE,,TRUE,,,text,Misc,v2-0203,Medicare/CMS Performing Provider Identification Number,,PPIN,Medicare/CMS Performing Provider Identification Number,Fully Specified,,,,,,,,,,,,,,,Fully Specified,pt
Concept,Número do Passaporte,,,pt,,,,,,,HL7,Organization,,pt,,,,,,,,,,,,,,,,,TRUE,,TRUE,,,text,Misc,v2-0203,A unique number assigned to the document affirming that a person is a citizen of the country.,,PPN,Passport number,Fully Specified,,,,,,,,,,,,,,,Fully Specified,pt
Concept,Número do Cartão de Residente Permanente,,,pt,,,,,,,HL7,Organization,,pt,,,,,,,,,,,,,,,,,TRUE,,TRUE,,,text,Misc,v2-0203,Permanent Resident Card Number,,PRC,Permanent Resident Card Number,Fully Specified,,,,,,,,,,,,,,,Fully Specified,pt
Concept,número do provedor,,,pt,,,,,,,HL7,Organization,,pt,,,,,,,,,,,,,,,,,TRUE,,TRUE,,,text,Misc,v2-0203,"A number that is unique to an individual provider, a provider group or an organization within an Assigning Authority.",,PRN,Provider number,Fully Specified,,,,,,,,,,,,,,,Fully Specified,pt
Concept,Identificador externo do paciente,,,pt,,,,,,,HL7,Organization,,pt,,,,,,,,,,,,,,,,,TRUE,,TRUE,,,text,Misc,v2-0203,Patient external identifier,,PT,Patient external identifier,Fully Specified,,,,,,,,,,,,,,,Fully Specified,pt
Concept,número de controle de qualidade,,,pt,,,,,,,HL7,Organization,,pt,,,,,,,,,,,,,,,,,TRUE,,TRUE,,,text,Misc,v2-0203,QA number,,QA,QA number,Fully Specified,,,,,,,,,,,,,,,Fully Specified,pt
Concept,identificador de recurso,,,pt,,,,,,,HL7,Organization,,pt,,,,,,,,,,,,,,,,,TRUE,,TRUE,,,text,Misc,v2-0203,A generalized resource identifier.,,RI,Resource identifier,Fully Specified,,,,,,,,,,,,,,,Fully Specified,pt
Concept,Número da Enfermeira Registrada,,,pt,,,,,,,HL7,Organization,,pt,,,,,,,,,,,,,,,,,TRUE,,TRUE,,,text,Misc,v2-0203,An identifier that is unique to a registered nurse within the jurisdiction of the licensing board.,,RN,Registered Nurse Number,Fully Specified,,,,,,,,,,,,,,,Fully Specified,pt
Concept,Número da licença do farmacêutico,,,pt,,,,,,,HL7,Organization,,pt,,,,,,,,,,,,,,,,,TRUE,,TRUE,,,text,Misc,v2-0203,An identifier that is unique to a pharmacist within the jurisdiction of the licensing board.,,RPH,Pharmacist license number,Fully Specified,,,,,,,,,,,,,,,Fully Specified,pt
Concept,Número de Aposentadoria Ferroviária,,,pt,,,,,,,HL7,Organization,,pt,,,,,,,,,,,,,,,,,TRUE,,TRUE,,,text,Misc,v2-0203,"An identifier for an individual enrolled with the Railroad Retirement Administration. Analogous to, but distinct from, a Social Security Number",,RR,Railroad Retirement number,Fully Specified,,,,,,,,,,,,,,,Fully Specified,pt
Concept,ID de registro regional,,,pt,,,,,,,HL7,Organization,,pt,,,,,,,,,,,,,,,,,TRUE,,TRUE,,,text,Misc,v2-0203,Regional registry ID,,RRI,Regional registry ID,Fully Specified,,,,,,,,,,,,,,,Fully Specified,pt
Concept,Provedor de Aposentadoria Ferroviária,,,pt,,,,,,,HL7,Organization,,pt,,,,,,,,,,,,,,,,,TRUE,,TRUE,,,text,Misc,v2-0203,Railroad Retirement Provider,,RRP,Railroad Retirement Provider,Fully Specified,,,,,,,,,,,,,,,Fully Specified,pt
Concept,Número de acesso SAMN#,,,pt,,,,,,,HL7,Organization,,pt,,,,,,,,,,,,,,,,,TRUE,,TRUE,,,text,Misc,v2-0203,The accession number for the BioSample data repository at the National Center for Biotechnology Information (NCBI),,SAMN,SAMN# accession Number,Fully Specified,,,,,,,,,,,,,,,Fully Specified,pt
Concept,Identificador do Beneficiário Social,,,pt,,,,,,,HL7,Organization,,pt,,,,,,,,,,,,,,,,,TRUE,,TRUE,,,text,Misc,v2-0203,An identifier issued by a governmental organization to a person to identify the person should they apply for or receive social services and/or benefits,,SB,Social Beneficiary Identifier,Fully Specified,,,,,,,,,,,,,,,Fully Specified,pt
Concept,ID da amostra,,,pt,,,,,,,HL7,Organization,,pt,,,,,,,,,,,,,,,,,TRUE,,TRUE,,,text,Misc,v2-0203,Identifier for a specimen.,,SID,Specimen ID,Fully Specified,,,,,,,,,,,,,,,Fully Specified,pt
Concept,licença estadual,,,pt,,,,,,,HL7,Organization,,pt,,,,,,,,,,,,,,,,,TRUE,,TRUE,,,text,Misc,v2-0203,State license,,SL,State license,Fully Specified,,,,,,,,,,,,,,,Fully Specified,pt
Concept,Número do Assinante,,,pt,,,,,,,HL7,Organization,,pt,,,,,,,,,,,,,,,,,TRUE,,TRUE,,,text,Misc,v2-0203,"An identifier for a subscriber of an insurance policy which is unique for, and usually assigned by, the insurance carrier.",,SN,Subscriber Number,Fully Specified,,,,,,,,,,,,,,,Fully Specified,pt
Concept,Identificador de cartão NDBS atribuído pelo estado,,,pt,,,,,,,HL7,Organization,,pt,,,,,,,,,,,,,,,,,TRUE,,TRUE,,,text,Misc,v2-0203,The identifier on a Newborn Screening Dried Bloodspot (NDBS) card that is assigned by the state which provided the sample collection cards and to whom this information must be reported,,SNBSN,State assigned NDBS card Identifier,Fully Specified,,,,,,,,,,,,,,,Fully Specified,pt
Concept,Número de série,,,pt,,,,,,,HL7,Organization,,pt,,,,,,,,,,,,,,,,,TRUE,,TRUE,,,text,Misc,v2-0203,"An identifier affixed to an item by the manufacturer when it is first made, where each item has a different identifier.",,SNO,Serial Number,Fully Specified,,,,,,,,,,,,,,,Fully Specified,pt
Concept,Permissão de estudo,,,pt,,,,,,,HL7,Organization,,pt,,,,,,,,,,,,,,,,,TRUE,,TRUE,,,text,Misc,v2-0203,A number associated with a permit identifying a person who is a resident of a jurisdiction for the purpose of education.,,SP,Study Permit,Fully Specified,,,,,,,,,,,,,,,Fully Specified,pt
Concept,ID do registro estadual,,,pt,,,,,,,HL7,Organization,,pt,,,,,,,,,,,,,,,,,TRUE,,TRUE,,,text,Misc,v2-0203,State registry ID,,SR,State registry ID,Fully Specified,,,,,,,,,,,,,,,Fully Specified,pt
Concept,Número de acesso SRA,,,pt,,,,,,,HL7,Organization,,pt,,,,,,,,,,,,,,,,,TRUE,,TRUE,,,text,Misc,v2-0203,The accession number generated by the Sequence Read Archive (SRA) at the National Center for Biotechnology Information (NCBI) when sequence data are uploaded to NCBI.,,SRX,SRA Accession number,Fully Specified,,,,,,,,,,,,,,,Fully Specified,pt
Concept,Número da Segurança Social,,,pt,,,,,,,HL7,Organization,,pt,,,,,,,,,,,,,,,,,TRUE,,TRUE,,,text,Misc,v2-0203,Social Security number,,SS,Social Security number,Fully Specified,,,,,,,,,,,,,,,Fully Specified,pt
Concept,Número de Rastreamento da Remessa,,,pt,,,,,,,HL7,Organization,,pt,,,,,,,,,,,,,,,,,TRUE,,TRUE,,,text,Misc,v2-0203,Identifier assigned to a package being shipped,,STN,Shipment Tracking Number,Fully Specified,,,,,,,,,,,,,,,Fully Specified,pt
Concept,número de identificação fiscal,,,pt,,,,,,,HL7,Organization,,pt,,,,,,,,,,,,,,,,,TRUE,,TRUE,,,text,Misc,v2-0203,Tax ID number,,TAX,Tax ID number,Fully Specified,,,,,,,,,,,,,,,Fully Specified,pt
Concept,Número do Tratado/ (Canadá),,,pt,,,,,,,HL7,Organization,,pt,,,,,,,,,,,,,,,,,TRUE,,TRUE,,,text,Misc,v2-0203,A number assigned to a member of an indigenous group in Canada.,,TN,Treaty Number/ (Canada),Fully Specified,,,,,,,,,,,,,,,Fully Specified,pt
Concept,Residente Permanente Temporário (Canadá),,,pt,,,,,,,HL7,Organization,,pt,,,,,,,,,,,,,,,,,TRUE,,TRUE,,,text,Misc,v2-0203,A number associated with a document identifying a person's temporary permanent resident status.,,TPR,Temporary Permanent Resident (Canada),Fully Specified,,,,,,,,,,,,,,,Fully Specified,pt
Concept,Número da licença de treinamento,,,pt,,,,,,,HL7,Organization,,pt,,,,,,,,,,,,,,,,,TRUE,,TRUE,,,text,Misc,v2-0203,The license number used during training.,,TRL,Training License Number,Fully Specified,,,,,,,,,,,,,,,Fully Specified,pt
Concept,Identificador não especificado,,,pt,,,,,,,HL7,Organization,,pt,,,,,,,,,,,,,,,,,TRUE,,TRUE,,,text,Misc,v2-0203,Unspecified identifier,,U,Unspecified identifier,Fully Specified,,,,,,,,,,,,,,,Fully Specified,pt
Concept,Identificador de dispositivo universal,,,pt,,,,,,,HL7,Organization,,pt,,,,,,,,,,,,,,,,,TRUE,,TRUE,,,text,Misc,v2-0203,An identifier assigned to a device using the Unique Device Identification framework as defined by IMDRF (http://imdrf.org).,,UDI,Universal Device Identifier,Fully Specified,,,,,,,,,,,,,,,Fully Specified,pt
Concept,Números de identificação universal do médico do Medicare/CMS (anteriormente HCFA),,,pt,,,,,,,HL7,Organization,,pt,,,,,,,,,,,,,,,,,TRUE,,TRUE,,,text,Misc,v2-0203,An identifier for a provider within the CMS/Medicare program. A globally unique identifier for the provider in the Medicare program.,,UPIN,Medicare/CMS (formerly HCFA)'s Universal Physician Identification numbers,Fully Specified,,,,,,,,,,,,,,,Fully Specified,pt
Concept,ID de espécime exclusivo,,,pt,,,,,,,HL7,Organization,,pt,,,,,,,,,,,,,,,,,TRUE,,TRUE,,,text,Misc,v2-0203,A unique identifier for a specimen.,,USID,Unique Specimen ID,Fully Specified,,,,,,,,,,,,,,,Fully Specified,pt
Concept,Número da visita,,,pt,,,,,,,HL7,Organization,,pt,,,,,,,,,,,,,,,,,TRUE,,TRUE,,,text,Misc,v2-0203,Visit number,,VN,Visit number,Fully Specified,,,,,,,,,,,,,,,Fully Specified,pt
Concept,Permissão de Visitante,,,pt,,,,,,,HL7,Organization,,pt,,,,,,,,,,,,,,,,,TRUE,,TRUE,,,text,Misc,v2-0203,A number associated with a document identifying a person as a visitor of a jurisdiction or country.,,VP,Visitor Permit,Fully Specified,,,,,,,,,,,,,,,Fully Specified,pt
Concept,VISTO,,,pt,,,,,,,HL7,Organization,,pt,,,,,,,,,,,,,,,,,TRUE,,TRUE,,,text,Misc,v2-0203,VISA,,VS,VISA,Fully Specified,,,,,,,,,,,,,,,Fully Specified,pt
Concept,Identificador WIC,,,pt,,,,,,,HL7,Organization,,pt,,,,,,,,,,,,,,,,,TRUE,,TRUE,,,text,Misc,v2-0203,WIC identifier,,WC,WIC identifier,Fully Specified,,,,,,,,,,,,,,,Fully Specified,pt
Concept,Número de Compensação dos Trabalhadores,,,pt,,,,,,,HL7,Organization,,pt,,,,,,,,,,,,,,,,,TRUE,,TRUE,,,text,Misc,v2-0203,Workers' Comp Number,,WCN,Workers' Comp Number,Fully Specified,,,,,,,,,,,,,,,Fully Specified,pt
Concept,Visto de trabalho,,,pt,,,,,,,HL7,Organization,,pt,,,,,,,,,,,,,,,,,TRUE,,TRUE,,,text,Misc,v2-0203,A number associated with a permit for a person who is granted permission to work in a country for a specified time period.,,WP,Work Permit,Fully Specified,,,,,,,,,,,,,,,Fully Specified,pt
Concept,Identificador do plano de saúde,,,pt,,,,,,,HL7,Organization,,pt,,,,,,,,,,,,,,,,,TRUE,,TRUE,,,text,Misc,v2-0203,"National unique health plan identifier required by the US Department of Health and Human Services, Centers for Medicare and Medicaid Services (CMS) in the US Realm.",,XV,Health Plan Identifier,Fully Specified,,,,,,,,,,,,,,,Fully Specified,pt
Concept,Identificador da organização,,,pt,,,,,,,HL7,Organization,,pt,,,,,,,,,,,,,,,,,TRUE,,TRUE,,,text,Misc,v2-0203,Organization identifier,,XX,Organization identifier,Fully Specified,,,,,,,,,,,,,,,Fully Specified,pt
,,,,,,,,,,,HL7,Organization,,pt,,,,,,,,,,,,,,,,,,,,,,,,v2-0203,,,,,,,,,,,,,,,,,,,,Fully Specified,pt
,,,,,,,,,,,HL7,Organization,,pt,,,,,,,,,,,,,,,,,,,,,,,,,,,,,,,,,,,,,,,,,,,,Fully Specified,pt
,,,,,,,,,,,HL7,Organization,,pt,,,,,,,,,,,,,,,,,,,,,,,,,,,,,,,,,,,,,,,,,,,,Fully Specified,pt
,,,,,,,,,,,HL7,Organization,,pt,,,,,,,,,,,,,,,,,,,,,,,,,,,,,,,,,,,,,,,,,,,,Fully Specified,pt
,,,,,,,,,,,HL7,Organization,,pt,,,,,,,,,,,,,,,,,,,,,,,,,,,,,,,,,,,,,,,,,,,,Fully Specified,pt
,,,,,,,,,,,HL7,Organization,,pt,,,,,,,,,,,,,,,,,,,,,,,,,,,,,,,,,,,,,,,,,,,,Fully Specified,pt
,,,,,,,,,,,HL7,Organization,,pt,,,,,,,,,,,,,,,,,,,,,,,,,,,,,,,,,,,,,,,,,,,,Fully Specified,pt
,,,,,,,,,,,HL7,Organization,,pt,,,,,,,,,,,,,,,,,,,,,,,,,,,,,,,,,,,,,,,,,,,,Fully Specified,pt
,,,,,,,,,,,HL7,Organization,,pt,,,,,,,,,,,,,,,,,,,,,,,,,,,,,,,,,,,,,,,,,,,,Fully Specified,pt
,,,,,,,,,,,HL7,Organization,,pt,,,,,,,,,,,,,,,,,,,,,,,,,,,,,,,,,,,,,,,,,,,,Fully Specified,pt
,,,,,,,,,,,HL7,Organization,,pt,,,,,,,,,,,,,,,,,,,,,,,,,,,,,,,,,,,,,,,,,,,,Fully Specified,pt
,,,,,,,,,,,HL7,Organization,,pt,,,,,,,,,,,,,,,,,,,,,,,,,,,,,,,,,,,,,,,,,,,,Fully Specified,pt
,,,,,,,,,,,HL7,Organization,,pt,,,,,,,,,,,,,,,,,,,,,,,,,,,,,,,,,,,,,,,,,,,,Fully Specified,pt
,,,,,,,,,,,HL7,Organization,,pt,,,,,,,,,,,,,,,,,,,,,,,,,,,,,,,,,,,,,,,,,,,,Fully Specified,pt
,,,,,,,,,,,HL7,Organization,,pt,,,,,,,,,,,,,,,,,,,,,,,,,,,,,,,,,,,,,,,,,,,,Fully Specified,pt
,,,,,,,,,,,HL7,Organization,,pt,,,,,,,,,,,,,,,,,,,,,,,,,,,,,,,,,,,,,,,,,,,,Fully Specified,pt
,,,,,,,,,,,HL7,Organization,,pt,,,,,,,,,,,,,,,,,,,,,,,,,,,,,,,,,,,,,,,,,,,,Fully Specified,pt
,,,,,,,,,,,HL7,Organization,,pt,,,,,,,,,,,,,,,,,,,,,,,,,,,,,,,,,,,,,,,,,,,,Fully Specified,pt
,,,,,,,,,,,,,,,,,,,,,,,,,,,,,,,,,,,,,,,,,,,,,,,,,,,,,,,,,,Fully Specified,pt
,,,,,,,,,,,,,,,,,,,,,,,,,,,,,,,,,,,,,,,,,,,,,,,,,,,,,,,,,,Fully Specified,pt
,,,,,,,,,,,,,,,,,,,,,,,,,,,,,,,,,,,,,,,,,,,,,,,,,,,,,,,,,,Fully Specified,pt
,,,,,,,,,,,,,,,,,,,,,,,,,,,,,,,,,,,,,,,,,,,,,,,,,,,,,,,,,,Fully Specified,pt
,,,,,,,,,,,,,,,,,,,,,,,,,,,,,,,,,,,,,,,,,,,,,,,,,,,,,,,,,,Fully Specified,pt
,,,,,,,,,,,,,,,,,,,,,,,,,,,,,,,,,,,,,,,,,,,,,,,,,,,,,,,,,,Fully Specified,pt
,,,,,,,,,,,,,,,,,,,,,,,,,,,,,,,,,,,,,,,,,,,,,,,,,,,,,,,,,,Fully Specified,pt
,,,,,,,,,,,,,,,,,,,,,,,,,,,,,,,,,,,,,,,,,,,,,,,,,,,,,,,,,,Fully Specified,pt
,,,,,,,,,,,,,,,,,,,,,,,,,,,,,,,,,,,,,,,,,,,,,,,,,,,,,,,,,,Fully Specified,pt
,,,,,,,,,,,,,,,,,,,,,,,,,,,,,,,,,,,,,,,,,,,,,,,,,,,,,,,,,,Fully Specified,pt
,,,,,,,,,,,,,,,,,,,,,,,,,,,,,,,,,,,,,,,,,,,,,,,,,,,,,,,,,,Fully Specified,pt
,,,,,,,,,,,,,,,,,,,,,,,,,,,,,,,,,,,,,,,,,,,,,,,,,,,,,,,,,,Fully Specified,pt
,,,,,,,,,,,,,,,,,,,,,,,,,,,,,,,,,,,,,,,,,,,,,,,,,,,,,,,,,,Fully Specified,pt
,,,,,,,,,,,,,,,,,,,,,,,,,,,,,,,,,,,,,,,,,,,,,,,,,,,,,,,,,,Fully Specified,pt
,,,,,,,,,,,,,,,,,,,,,,,,,,,,,,,,,,,,,,,,,,,,,,,,,,,,,,,,,,Fully Specified,pt
,,,,,,,,,,,,,,,,,,,,,,,,,,,,,,,,,,,,,,,,,,,,,,,,,,,,,,,,,,Fully Specified,pt